{
  "Random": {
    "throughput_mbps": {
      "mean": 2.222374619035423,
      "std": 0.017180345159352
    },
    "jain": {
      "mean": 0.6686021737962962,
      "std": 0.0034324676102151265
    },
    "energy_efficiency": {
      "mean": 0.49432754680452906,
      "std": 0.0022686480682003133
    },
    "avg_latency": {
      "mean": 14.548921427130699,
      "std": 1.1120355445889902
    }
  },
  "Fixed": {
    "throughput_mbps": {
      "mean": 3.067087918552756,
      "std": 0.014695987051662158
    },
    "jain": {
      "mean": 0.9098803197711707,
      "std": 0.0018961669518077913
    },
    "energy_efficiency": {
      "mean": 0.5111813197587927,
      "std": 0.0024493311752770337
    },
    "avg_latency": {
      "mean": 4.466924291383724,
      "std": 0.3790995789699246
    }
  },
  "Water-Filling": {
    "throughput_mbps": {
      "mean": 4.118963120950123,
      "std": 0.016805369707445145
    },
    "jain": {
      "mean": 0.8129802734354952,
      "std": 0.0036718011605165446
    },
    "energy_efficiency": {
      "mean": 0.4576625687735013,
      "std": 0.0018672633835572377
    },
    "avg_latency": {
      "mean": 1.331418468006866,
      "std": 0.10146186323701169
    }
  },
  "TabularQ": {
    "throughput_mbps": {
      "mean": 3.0960799584530294,
      "std": 0.03886577072378256
    },
    "jain": {
      "mean": 0.8173225581973791,
      "std": 0.005603493739324929
    },
    "energy_efficiency": {
      "mean": 0.48750278310045686,
      "std": 0.004551544368755144
    },
    "avg_latency": {
      "mean": 4.6644632054274275,
      "std": 0.5534116711092214
    }
  },
  "DQN": {
    "throughput_mbps": {
      "mean": 2.7185304773680867,
      "std": 0.9394292776736994
    },
    "jain": {
      "mean": 0.7384793722450733,
      "std": 0.19385163642565073
    },
    "energy_efficiency": {
      "mean": 0.49030086424811614,
      "std": 0.04840432097923508
    },
    "avg_latency": {
      "mean": 13.940469252246865,
      "std": 11.83467982808673
    }
  },
  "Water-Filling-Discrete": {
    "throughput_mbps": {
      "mean": 3.7152424020908774,
      "std": 0.0187907373566289
    },
    "jain": {
      "mean": 0.8351309989854693,
      "std": 0.0030077606796229998
    },
    "energy_efficiency": {
      "mean": 0.49117012773348334,
      "std": 0.0015298268216159957
    },
    "avg_latency": {
      "mean": 1.9696241645035641,
      "std": 0.16785100397552494
    }
  },
  "RainbowLite": {
    "throughput_mbps": {
      "mean": 3.269130854269862,
      "std": 0.5523307966775522
    },
    "jain": {
      "mean": 0.8453588951095939,
      "std": 0.07845264061761843
    },
    "energy_efficiency": {
      "mean": 0.4952894535194373,
      "std": 0.035569728099517924
    },
    "avg_latency": {
      "mean": 5.17753779255872,
      "std": 4.289085061350537
    }
  },
  "NeuralBandit": {
    "throughput_mbps": {
      "mean": 4.007877469775081,
      "std": 0.016598244122339435
    },
    "jain": {
      "mean": 0.9204538031503559,
      "std": 0.0020060791370799373
    },
    "energy_efficiency": {
      "mean": 0.44616309016353,
      "std": 0.0018031600273145417
    },
    "avg_latency": {
      "mean": 1.2131236652423938,
      "std": 0.08879732042036606
    }
  }
}