{
  "Random": {
    "throughput_mbps": {
      "mean": 3.7074178707435728,
      "std": 0.014314883058193312
    },
    "jain": {
      "mean": 0.6416714562535286,
      "std": 0.002722397539368636
    },
    "energy_efficiency": {
      "mean": 0.4949615718777601,
      "std": 0.0012352431714261864
    },
    "avg_latency": {
      "mean": 14.518774202936441,
      "std": 0.34990228648734184
    }
  },
  "Fixed": {
    "throughput_mbps": {
      "mean": 5.1207954155653725,
      "std": 0.02137316489988838
    },
    "jain": {
      "mean": 0.8975638065397739,
      "std": 0.0012107962374370762
    },
    "energy_efficiency": {
      "mean": 0.5120795415565371,
      "std": 0.0021373164899888206
    },
    "avg_latency": {
      "mean": 4.371910621162057,
      "std": 0.2487594689218412
    }
  },
  "Water-Filling": {
    "throughput_mbps": {
      "mean": 6.910592384120166,
      "std": 0.02478792061285703
    },
    "jain": {
      "mean": 0.7919380481736369,
      "std": 0.002443355161956641
    },
    "energy_efficiency": {
      "mean": 0.46070615881069854,
      "std": 0.0016525278327120035
    },
    "avg_latency": {
      "mean": 1.356152687831052,
      "std": 0.08493372196053184
    }
  },
  "DQN": {
    "throughput_mbps": {
      "mean": 3.6607500242203477,
      "std": 0.9747991029464654
    },
    "jain": {
      "mean": 0.6492063611328602,
      "std": 0.13145068068034624
    },
    "energy_efficiency": {
      "mean": 0.5071804964713207,
      "std": 0.034199759054206906
    },
    "avg_latency": {
      "mean": 19.026626829610912,
      "std": 7.573210992618783
    }
  },
  "Water-Filling-Discrete": {
    "throughput_mbps": {
      "mean": 6.159383879362047,
      "std": 0.028989135820735326
    },
    "jain": {
      "mean": 0.8150960813090207,
      "std": 0.0024323103198146566
    },
    "energy_efficiency": {
      "mean": 0.49603687183016154,
      "std": 0.0012750306856600074
    },
    "avg_latency": {
      "mean": 2.101526079077572,
      "std": 0.16467670040942511
    }
  },
  "RainbowLite": {
    "throughput_mbps": {
      "mean": 4.453910636935383,
      "std": 0.9448019152937581
    },
    "jain": {
      "mean": 0.7287232666760683,
      "std": 0.14037114162140396
    },
    "energy_efficiency": {
      "mean": 0.4938163754457426,
      "std": 0.018479941087793043
    },
    "avg_latency": {
      "mean": 12.231595978551209,
      "std": 8.073861057619178
    }
  },
  "NeuralBandit": {
    "throughput_mbps": {
      "mean": 6.685323703583331,
      "std": 0.023945577076933764
    },
    "jain": {
      "mean": 0.9088851896226406,
      "std": 0.0009895723706998772
    },
    "energy_efficiency": {
      "mean": 0.4472286577227703,
      "std": 0.0019748773993290523
    },
    "avg_latency": {
      "mean": 1.2319606706121564,
      "std": 0.07746166653853517
    }
  }
}