{
  "Random": {
    "throughput_mbps": {
      "mean": 2.220323650519053,
      "std": 0.025081960432894106
    },
    "jain": {
      "mean": 0.6698994937737783,
      "std": 0.005940800340437068
    },
    "energy_efficiency": {
      "mean": 0.49312400433029263,
      "std": 0.001246935796959677
    },
    "avg_latency": {
      "mean": 14.72062813546343,
      "std": 1.1124743461014375
    }
  },
  "Fixed": {
    "throughput_mbps": {
      "mean": 3.0619857391466696,
      "std": 0.015563656800813596
    },
    "jain": {
      "mean": 0.9083676607906819,
      "std": 0.0013822580769179667
    },
    "energy_efficiency": {
      "mean": 0.5103309565244449,
      "std": 0.0025939428001355994
    },
    "avg_latency": {
      "mean": 4.436647584653563,
      "std": 0.37065423764966
    }
  },
  "Water-Filling": {
    "throughput_mbps": {
      "mean": 4.117759042091209,
      "std": 0.021042356133355842
    },
    "jain": {
      "mean": 0.8120997912770594,
      "std": 0.004472919640440447
    },
    "energy_efficiency": {
      "mean": 0.45752878281837256,
      "std": 0.0023380396250852705
    },
    "avg_latency": {
      "mean": 1.3178394449677204,
      "std": 0.11952104084440861
    }
  },
  "DQN": {
    "throughput_mbps": {
      "mean": 3.0510875588556132,
      "std": 0.8719413466350657
    },
    "jain": {
      "mean": 0.7883040018379689,
      "std": 0.16701960428632423
    },
    "energy_efficiency": {
      "mean": 0.4963194801310302,
      "std": 0.060774155724380226
    },
    "avg_latency": {
      "mean": 8.531083786504963,
      "std": 7.766245457458978
    }
  }
}