{
  "Random": {
    "throughput_mbps": {
      "mean": 3.706415109572312,
      "std": 0.02428769749869809
    },
    "jain": {
      "mean": 0.6420518917987744,
      "std": 0.004818082901139421
    },
    "energy_efficiency": {
      "mean": 0.4954447579512224,
      "std": 0.0012079759954009913
    },
    "avg_latency": {
      "mean": 14.445095031788943,
      "std": 0.17014762397420746
    }
  },
  "Fixed": {
    "throughput_mbps": {
      "mean": 5.1302791947722435,
      "std": 0.02660139204293026
    },
    "jain": {
      "mean": 0.8973219294945398,
      "std": 0.0019517894166563583
    },
    "energy_efficiency": {
      "mean": 0.5130279194772244,
      "std": 0.002660139204292957
    },
    "avg_latency": {
      "mean": 4.10971787318488,
      "std": 0.17937264063723626
    }
  },
  "Water-Filling": {
    "throughput_mbps": {
      "mean": 6.920907945541221,
      "std": 0.031136980073597737
    },
    "jain": {
      "mean": 0.791521045438479,
      "std": 0.003227939759921138
    },
    "energy_efficiency": {
      "mean": 0.46139386263812193,
      "std": 0.002075797612310533
    },
    "avg_latency": {
      "mean": 1.3144721481775414,
      "std": 0.0787587242766848
    }
  },
  "DQN": {
    "throughput_mbps": {
      "mean": 3.5963224007363124,
      "std": 0.6742134270504981
    },
    "jain": {
      "mean": 0.5902507619708777,
      "std": 0.07914692448595888
    },
    "energy_efficiency": {
      "mean": 0.4919375798956505,
      "std": 0.01422612692480253
    },
    "avg_latency": {
      "mean": 20.15457054601113,
      "std": 4.3237777845645615
    }
  }
}