{
  "Random": {
    "throughput_mbps": {
      "mean": 1.1405470123590238,
      "std": 0.007368057793150512
    },
    "jain": {
      "mean": 0.5306188458919525,
      "std": 0.003591437028061537
    },
    "energy_efficiency": {
      "mean": 0.25343811402811944,
      "std": 0.002194903124256823
    },
    "avg_latency": {
      "mean": 31.38531618401107,
      "std": 0.7309428425430626
    }
  },
  "Fixed": {
    "throughput_mbps": {
      "mean": 1.2896737821505275,
      "std": 0.0055257998801435445
    },
    "jain": {
      "mean": 0.6709385005190969,
      "std": 0.004020674611172157
    },
    "energy_efficiency": {
      "mean": 0.21494563035842124,
      "std": 0.0009209666466905964
    },
    "avg_latency": {
      "mean": 28.867530779207605,
      "std": 0.7405346275886012
    }
  },
  "Water-Filling": {
    "throughput_mbps": {
      "mean": 1.861377685186488,
      "std": 0.011938431036008956
    },
    "jain": {
      "mean": 0.5391398835374284,
      "std": 0.004086807081641255
    },
    "energy_efficiency": {
      "mean": 0.20681974275981316,
      "std": 0.0013264923739341875
    },
    "avg_latency": {
      "mean": 20.31964445762761,
      "std": 0.7204757620677745
    }
  },
  "WMMSE": {
    "throughput_mbps": {
      "mean": 1.752073547741298,
      "std": 0.015604850556320157
    },
    "jain": {
      "mean": 0.5083553462132813,
      "std": 0.005143225974733324
    },
    "energy_efficiency": {
      "mean": 0.34203832570428305,
      "std": 0.006681613353912533
    },
    "avg_latency": {
      "mean": 22.16581928355882,
      "std": 1.0536458921936127
    }
  },
  "TabularQ": {
    "throughput_mbps": {
      "mean": 1.450163081192183,
      "std": 0.02602415477781178
    },
    "jain": {
      "mean": 0.4718677539631725,
      "std": 0.017357378378398458
    },
    "energy_efficiency": {
      "mean": 0.32868784365292153,
      "std": 0.01117144731761814
    },
    "avg_latency": {
      "mean": 26.479797490495105,
      "std": 0.7928134293450273
    }
  },
  "DQN": {
    "throughput_mbps": {
      "mean": 1.2691616619342545,
      "std": 0.18976730784378695
    },
    "jain": {
      "mean": 0.5919120960548521,
      "std": 0.077046686437253
    },
    "energy_efficiency": {
      "mean": 0.24902525419927982,
      "std": 0.06269352468932016
    },
    "avg_latency": {
      "mean": 29.49433341638892,
      "std": 3.3695431651769443
    }
  },
  "RainbowLite": {
    "throughput_mbps": {
      "mean": 1.5655406150217432,
      "std": 0.06957611913253087
    },
    "jain": {
      "mean": 0.44731492301225667,
      "std": 0.07615426842938161
    },
    "energy_efficiency": {
      "mean": 0.39707601203872916,
      "std": 0.08634532704584802
    },
    "avg_latency": {
      "mean": 24.9057225888641,
      "std": 1.0098360092777758
    }
  },
  "NeuralBandit": {
    "throughput_mbps": {
      "mean": 1.7698497294527886,
      "std": 0.014924804183200243
    },
    "jain": {
      "mean": 0.33324106104373935,
      "std": 0.0005156105023995617
    },
    "energy_efficiency": {
      "mean": 0.5909034073753667,
      "std": 0.004692101782319562
    },
    "avg_latency": {
      "mean": 21.885913469781656,
      "std": 0.7806189345796429
    }
  }
}