{
  "3": {
    "thr": [
      3.235387350129584,
      0.1464014325481543
    ],
    "jain": [
      0.8265584372629723,
      0.007708235445642006
    ],
    "ee": [
      0.4913190555682247,
      0.0018692616495503854
    ]
  },
  "5": {
    "thr": [
      3.128543451684217,
      0.024225147139819984
    ],
    "jain": [
      0.8172789257367453,
      0.00751831417878865
    ],
    "ee": [
      0.4877784147085311,
      0.003104243921024591
    ]
  },
  "10": {
    "thr": [
      3.025263530137638,
      0.03695604006779084
    ],
    "jain": [
      0.7997536327242852,
      0.0007474076667594645
    ],
    "ee": [
      0.49229045665268983,
      0.002041574447739007
    ]
  }
}